author,count
Auto-GPT-Bot,1076
Reinier van der Leer,702
merwanehamadi,376
Toran Bruce Richards,302
hunteraraujo,283
Richard Beales,243
SwiftyOS,233
Aarushi,167
BillSchumacher,151
Silen Naihin,148
Zamil Majdy,147
Torantulino,137
Nicholas Tindle,133
Swifty,115
Merwane Hamadi,83
Bently,75
dependabot[bot],71
Krzysztof Czerwinski,67
James Collins,47
Andres Caicedo,47
Pi,45
cs0lar,37
Maiko Bossuyt,36
Drikus Roor,35
Luke,33
Eesa Hamza,32
Erik Peterson,29
Abhimanyu Yadav,22
Itamar Friedman,21
Wlad,21
0xArty,21
Peter Edwards,19
k-boikov,19
Bernhard Mueller,18
Tymec,18
Taylor Brown,15
Alrik Olson,14
Luke K (pr-0f3t),14
Media,13
Douglas Schonholtz,13
Slowly-Grokking,12
Eddie Cohen,12
Andy Hooker,11
Omri Grossman,10
meta-fx,9
Robin Richtsfeld,9
kinance,9
Fabrice Hong,9
Kinance,8
russellocean,8
"Joseph C. Miller, II",8
Evgeny Vakhteev,8
Sma Das,7
Ikko Eltociear Ashimine,7
yousefissa,7
Taylor Beeston,6
sagarishere,6
Boostrix,6
Didier Durand,6
onekum,6
Gershon Bialer,6
Malik M Alnakhaleh,6
Andy Melnikov,5
Thibault Twahirwa,5
chyezh,5
Kaitlyn Barnard,5
vishesh10,5
HDKiller,5
Kory Becker,5
Peter Svensson,5
EH,5
Mike Kelly,5
Jedakiah,5
Dill,5
blankey1337,5
slavakurilyak,4
Peter,4
ryanmac,4
pratiksinghchauhan,4
Wladastic,4
gucky92,4
Artemonim,4
lekapsy,4
ZHAOKAI WANG,4
GyDi,4
douglas,4
Steve Byerly,4
Chris Cheney,4
bsenst,4
itsmarble,4
riensen,4
WladBlank,4
NeonN3mesis,4
lengweiping1983,4
鈥淧hilip,4
John,4
James C. Palmer,3
keenborder786,3
David,3
Dr33dM3,3
Dylan N,3
Pratik Singh Chauhan,3
Slava Kurilyak (slavakurilyak.eth),3
Jacob Hahn,3
Albert 脰rwall,3
vadi,3
blankster,3
DaoAdvocate,3
Void&Null,3
bingokon,3
coditamar,3
lengweiping,3
EthanF,3
illyx1,3
0x333,3
lelcruz,3
Rob,3
Windii,3
gravelBridge,3
Steve,3
Peter Petermann,3
AbTrax,3
Hubert S,3
stargatejy,3
Coley,3
Denis Mozhayskiy,2
hyaxia,2
Nicolas St眉bi,2
Pietro Monticone,2
youkaichao,2
younessZMZ,2
RainRat,2
chao ma,2
roby.parapat,2
Domenico Giambra,2
Marvin Plummeridge,2
Mike M,2
nponeccop,2
Matthias Christenson,2
Ding3LI,2
xuqi.wxq,2
0xf333,2
endolith,2
SBNovaScript,2
Manuel Otheo,2
jingxing,2
Dino Hensen,2
Ishwor Panta,2
Bituq,2
seeseesky,2
Cyber Ninja,2
Bill Morgan,2
ymrohit,2
sarango,2
Luis,2
Michael Sheinman,2
rickythefox,2
鉁旓笍ITtechtor,2
Daniel Chen,2
pkqs90,2
Yun Zheng,2
Will Callender,2
Kiran,2
Jordan Ellis,2
BingokoN,2
H-jj-R,2
Ambuj Pawar,2
CC,2
Craig,2
Luke K,2
AgentService,2
Deso,2
Zorinik,2
Cenny,2
bszollosinagy,2
zlipknot,2
DGdev91,2
Stefan Ayala,2
Benny van der Lans,2
GoCodeo,2
uta,2
Jay Zhang,2
mtx-light,2
Sarah Grevy Gotfredsen,2
gentaag,2
non-adjective,2
warlockee,2
Filip,2
Tomas Valenta,2
Lei Zhang,2
James,2
Justin Torre,2
Sergey Volkov,2
dyabel,2
Gabe,2
Cyrus,2
Donald Nwokoro,2
xpineda,2
Dawn Kelly,2
razorhasbeen,2
Tianxu Jia,2
Kumar Shivang,2
Zhaoming Yin,2
Isayah Culbertson,2
Yulian,2
jianhuanggo,2
ATheorell,2
PaperMoose,2
Norman Lopez,2
Daniel Santiago Sandoval Higuera,2
Manuel Soria,2
Wiradjuri,2
Andrei Leca,2
cislerk,2
MissingDLL,2
Tianyu Guo (Ti),2
Monkee1337,2
Dylan,2
Konstantinos Voulgaropoulos,2
Preston Jensen,2
Zhaofeng Miao,1
dawn,1
F谩bio Machado de Oliveira,1
Master Blood,1
E-GPT,1
Ace,1
oxygen-fragment,1
thecosmicmuffet,1
Simone Busoli,1
Coenraad Loubser,1
Pavloh,1
Eric Fedrowisch,1
TookTheRedBean,1
kminer,1
Rafael Moraes,1
Ryan Peach,1
Weltolk,1
Alexander Nikulin,1
openaudible,1
vandervoortj,1
Jason Drage,1
Nikolaj L酶venhardt Petersen,1
Andrew Bourguignon,1
daviddhc20120601,1
Hugo Mastromauro da Silva,1
Filip Zori膰,1
jackfromeast,1
Exstor,1
hmslsky,1
popperxu,1
Denis Zuev,1
Anders Andersen,1
Victor Shneer,1
J. Park,1
Heng Wang,1
bigsml,1
Sergii Gromovyi,1
Rogerio Hirooka,1
Shrikrishna Khose,1
vidhatanand,1
kylaro,1
Luyao Zhang,1
Jeff Tang,1
Kaiming Liu,1
Andrew Morgan,1
Alessandro Galetto,1
TheoLawrence86,1
Ankit Desai,1
Tim Skaggs,1
Hanhan0831,1
Sergey Mordvinov,1
Chengjiang,1
Merlimar,1
simonfunk,1
YuiChan04233,1
Sebastian,1
Jon Ng,1
onewesong,1
alexsoshnikov,1
andresSintec,1
aodrasa,1
Davon Dong,1
beavishead,1
keli,1
Carlos J. Ramirez,1
YoshiyaTatemoto,1
Bary Levy,1
martinpeng,1
Neil Jones,1
Jade Cong,1
norn93,1
Ma啪ylis,1
zhaojianchn,1
Woody,1
tablc,1
ricowong0730,1
Barnyard,1
寰愬悜闃?#2023-10-19,1
Jack,1
Nikhil Mishra,1
Zeen Zeng,1
miaowacao,1
Vivek Mohan,1
Agustin Herrera,1
Pedro Lima,1
Pavel Sukhachev,1
paul726,1
PZON2,1
Cagdas Bas,1
jcartes,1
Khelil,1
smaxaddington,1
Sunil,1
Maxime Letemple,1
GUI Chi,1
Brian Mwangi,1
red thing,1
Michael Winkler,1
Cesar Brazon,1
Bryan Ritchie,1
Ashish Soni,1
Hadjer Benmeziane,1
Dan Hamilton,1
Kevin Boudot,1
Thom,1
Evan Lynch,1
rayzh-lab,1
sanjeevsaara,1
鍗佷笁,1
Janek Dijkstra,1
Jimcau,1
Kaio Magalh茫es,1
Yifeng Qiu,1
Jafar Albadarneh,1
chenzino,1
Matt Sinnock,1
Neil Martin,1
Joe H,1
Elvis Chan,1
Varun565,1
Somni,1
Alphons Jaimon,1
DataDruid,1
Periklis Papanikolaou,1
Yewen Xu,1
Mikhail Gostev,1
Huarada,1
Jason Zvaniga,1
Shadowless422,1
Jose Manuel Langarica,1
Nimit3-droid,1
Faran Butt,1
bosaeed,1
Tomas Taylor,1
Ed Mosqueda,1
Echo,1
Tessa Clement,1
uknowWho,1
Piotr,1
George Haws,1
nawaljunaid,1
Arromal Jamuna Jayan,1
MF-YT-1300,1
Aleksander Petrushkin,1
Nivek92,1
helloworld4774,1
Muhammad Dabeer,1
sampatkalyan,1
Baptistecaille,1
Omar ALHory,1
Vincent,1
Akira Tetsuka,1
Alex Worden,1
Anthony,1
AdrianSilaghi,1
Rahul A R,1
Aphelios,1
StefanWan-Durham,1
Markus Garnitz,1
albags,1
magic.chen,1
Andy Wong,1
Umar-Azam,1
ugyuji,1
zyt329,1
beisdog,1
hekolcu,1
Ahmad Alaziz,1
Tianbin,1
Tammam Kbeili,1
mohammed-radha-LightRing,1
Sourabh singh,1
Ch0daboy,1
Yoon Hogeon,1
Chaoran Wang,1
KleinerCodeDrago,1
氚曥鞗?#2023-09-30,1
Aniruddha Adhikary (Ani),1
Corey Petty,1
Fabian Aichele,1
variavista,1
Peter Harrington,1
Mert Kaan G眉l,1
hongzzz,1
SnowYoung,1
Mike DuPont,1
Rafa艂 艁azicki,1
Nadeem Shabir,1
MittenCrab,1
Nilllas,1
LinYushen,1
ArunKR,1
Fredrik Sew茅n,1
Sampson2016,1
monsterooo,1
Tower,1
Zack Bradshaw,1
miguelcas12,1
IkuOhama,1
Josh Yorko,1
Kenneth Yu,1
IgorCIS,1
Kyan Nai,1
Jonathan Balloch,1
talumo,1
Vannhanhk12,1
Vishnu B,1
Vittorio Alfieri,1
Mauro Druwel,1
WilliamEspegren,1
Slaine Willey,1
Siddharth Sarda,1
colour-me-bibi,1
Ada Lovecraft,1
uply23333,1
ramirez3rg,1
Erlend Jones,1
Murilo Eduardo dos Santos,1
ddNTP,1
Matthew Cornfield,1
Abdullah Elsayed,1
Althaf,1
Timothy Zhang,1
Ian,1
Venkat Teja,1
Antonov Maxim,1
Vasek Mlejnsky,1
GECORegulatory,1
ido777,1
Sohrab Saran,1
ph-ausseil,1
eyalk11,1
Jure Bogunovic,1
Jakub Nov谩k,1
Weston Willingham,1
Fluder-Paradyne,1
Alex,1
Danna,1
dmoham1476,1
Ishan Girdhar,1
Danny Febrero,1
Ariel Kwiatkowski,1
ggonza156,1
Matthew,1
ces-sonnguyen,1
mvuthegoat,1
Tianxiang(Ivan) Liu,1
Amah Ajavon,1
Nameless8243,1
Luka Duman膷i膰,1
Abdul-Mujeeb Aliu,1
kerta1n,1
Scott Schluer,1
Jayden,1
zachRadack,1
lukas-eu,1
milog1994,1
Michael Schumacher,1
Rafa艂 Sk贸rka,1
NAN,1
Yanniswein,1
jiarung,1
gabenitez,1
Brad Anderson,1
Jovan Kanevche,1
emads7,1
FIresInWind,1
vleonidas,1
mitch11223,1
Tomohide Hirakawa,1
easn,1
amokduke,1
Alex Kissi Jr,1
Trajan Wiley-Jimenez,1
John Cole,1
Konrad,1
Nameless Dude,1
sherif-med,1
Sicong Zhao,1
Ryan Johns,1
kaneda2004,1
Jan,1
Marc Borntr盲ger,1
javableu,1
digger yu,1
scarletpan,1
Abdul Qoyyuum,1
Enrico-Franke,1
Moiz Sajid,1
mariepop13,1
Kaan,1
Tomasz Kasperczyk,1
minfeng-ai,1
Shlomi,1
Itai Steinherz,1
Kristian Jackson,1
Eduardo Salinas,1
prom3theu5,1
dominic-ks,1
andrey13771,1
Marwand Ayubi,1
Abdelkarim Habouch,1
Malahieude Timoth茅,1
Surav Shrestha,1
Steven Baumann,1
zyt600,1
Valay Dave,1
Ashutosh Kataria,1
Bob,1
sidewaysthought,1
Asif Iqbal,1
Dmytro Gnatyshyn,1
zaheerahmad33,1
chenxu,1
WENJUN ZHANG,1
skadai,1
gensy421,1
zhang yuan,1
Pablo R. L贸pez,1
vlad,1
karlivory,1
Montana Flynn,1
Irmius,1
Iliass,1
Dhruv Awasthi,1
Johnny C,1
Thiago Marafon,1
LFarmbot,1
Lewis Peel,1
Qi Z,1
yang song,1
QingHu1227,1
JawadAbu,1
Yasien Dwieb,1
rummsi1337,1
Kris,1
Tommy Brooks,1
Mikel Calvo,1
jlxip,1
Raju Komati,1
Matthew Lam,1
lee,1
hdkiller,1
Vwing,1
scout9ll,1
Soheil Sam Yasrebi,1
fluxism,1
YOUNESS ZEMZGUI,1
Lawrence Neal,1
Duong HD,1
apurvsibal,1
zvrr,1
Josh XT,1
Walter Nasich,1
jazelly,1
Tejen Patel,1
Egon Meijers,1
Jartto,1
Bsodoge,1
Peter Banda,1
Ugo,1
Mick,1
Chris Villa,1
gklab,1
Nick Foster,1
Tony H,1
Taka Okunishi,1
sn0wdown,1
Rui Geng,1
prashanthi-instalily,1
linggong2023,1
emptykid,1
Hanzhang,1
Cao Yanfei,1
KapitanFernand,1
Thomas Runyon,1
Himanshu Mittal,1
Or Arbel,1
Fernando Navarro P谩ez,1
Mahdi Karami,1
Ethan Presberg,1
Thunder Drag,1
itaihochman,1
Sourcery AI,1
Eugene Zolenko,1
鍏┈鍡峰椃鍡?#2023-11-16,1
HawkClaws,1
Aaron,1
Anatolii Kmetiuk,1
Bal谩zs Varga,1
Samuel Walker,1
Jinho Choi,1
Hamburg,1
Veronica,1
Cary,1
Fang Bokun,1
asasasheshou,1
ghd9201,1
ltzmaxwell,1
Ben Song,1
Gabriel R. Barbosa,1
Alastair D'Silva,1
XFFXFF,1
Mad Misaghi,1
suzuken,1
Bob van Luijt,1
NEBULITE Berlin,1
Hamid Zare,1
Acer,1
superherointj,1
lfricken,1
REal0day,1
jimmycliff obonyo,1
Tom Kaitchuck,1
Tmpecho,1
bigfatball,1
Howard-Cheung,1
JasonD,1
ezirmusitua,1
Yue Liu,1
Fariz Rahman,1
Sabin Mendiguren,1
liuyachen,1
bvoo,1
jayceslesar,1
Jayce Slesar,1
Jakub Bober,1
Bates Jernigan,1
Benedict Hobart,1
Adrian Scott,1
Tzeng Yuxio,1
Luca Meneghetti,1
DJ Stomp,1
Mansy,1
lonrun,1
Danyal Mohaddes,1
瑕冪涓?#2023-04-16,1
Ayush Kumar,1
Uday Sagar,1
sebabetz,1
Pho,1
Victor Leduc,1
Erland Lewin,1
Daniel Leidisch,1
Ruttanard Ruttanapan,1
xhjxhj001,1
fraven01,1
eng-cc,1
鑾皵绱?#2023-04-14,1
sea,1
Juro Oravec,1
CalCameron,1
batyu,1
polygon,1
Edgar Barrantes,1
Duncan Roosma,1
Shai Perednik,1
Bufo,1
Summit Suen,1
Aditya Oke,1
Imccccc,1
yueliu1999,1
CatMe0w,1
a0balaton,1
momokrunic,1
Esaias Westberg,1
Gaurav Genani,1
Eslam Fakhry,1
Yashas Reddy,1
Evgenii,1
QingquanBao,1
鐜嬭嫃浜?#2024-04-29,1
rekwet,1
github-actions[bot],1
angeousta,1
Dimitri Brooks,1
Kate Silverstein,1
Tyrion Lannister,1
vasnt,1
Ron Balter,1
Jesse R Weigel,1
sunnypranay,1
Elias Hohl,1
edwardsp,1
Joyce,1
Sukka,1
Matheus Oliveira,1
Fullstop000,1
aixiaoxin,1
MoWitheSmileyFace,1
O臒uzhan BOZKURT,1
xiazaiba7,1
myncow,1
wangyijunlyy,1
jianglonghui,1
Gull Man,1
Samuel Reed,1
profound,1
Seth T,1
Leon Derczynski,1
derekcl,1
511,1
jiangying,1
Kasra Amini,1
WalterSumbon,1
digger-yu,1
Yossi Marouani,1
ShifraSec,1
celthi,1
Mark,1
fabi.s,1
Veylkh,1
0xcha05,1
Mike Harris,1
Phoebe Bright,1
cryptidv,1
Kari Ahdan,1
yoshikouki,1
amit9021,1
Joseph Bisaillon,1
honeykjoule,1
Rokniel,1
crimson-knight,1
Kiss P茅ter,1
PierreBastiani,1
JZ,1
Manal Arora,1
matanm,1
Joe Devon,1
egokick,1
Emmanuel Ferdman,1
UnixPNG,1
Jo茫o Rafael,1
Tom Viner,1
EricFedrowisch,1
ReadyG,1
Mano Bharathi M,1
SuperComboGamer,1
PRIYANKjakharia,1
Kushal Agrawal,1
Craig Perkins,1
Niranjan Kurhade,1
Peter Krenesky,1
webgeeksai,1
Ty,1
Maanvitha Gongalla,1
Daniil Lebedev,1
leobusar,1
David Wurtz,1
Petar Ostojic,1
DawgZter,1
Breval Le Floch,1
thepok,1
Jonathan S. Rouach,1
A.Daee,1
Amr Aly,1
alex,1
Amelia Bruno,1
Bentlybro,1
